{
    "menus": [
    {
      "title": "Exercises",
      "type": "header"
    },
    {
      "title": "Psets",
      "icon": "fa fa-tachometer-alt",
      "active": false,
      "type": "dropdown",
      "badge": {
        "text": "Novo ",
        "class": "badge-warning"
      },
      "submenus": [
        {
          "title": "Pset 1",
          "badge": {
            "text": "testee ",
            "class": "badge-success"
          }
        },
        {
          "title": "Pset 2"
        },
        {
          "title": "Pset 3"
        }
      ]
    },
    {
      "title": "Extra",
      "type": "header"
    },
    {
      "title": "Notes",
      "icon": "fa fa-book",
      "active": false,
      "type": "simple"
    },
    {
      "title": "Calendario de envio",
      "icon": "fa fa-calendar",
      "active": false,
      "type": "simple"
    },
    {
      "title": "Examples",
      "icon": "fa fa-folder",
      "active": false,
      "type": "simple"
    }
  ]
}